[
    {
        "filename": "/workspace/tao-experiments/fpenet/afw/347826333_1.png",
        "class": "image",
        "annotations": [
            {
                "face_tight_bboxx": 672.10368330073106,
                "face_tight_bboxy": 225.97163120567382,
                "tool-version": "1.0",
                "face_tight_bboxwidth": 311.35730960707053,
                "face_tight_bboxheight": 270.25550579091134,
                "Occlusionx": 0.0,
                "class": "FaceBbox"
            },
            {
                "tool-version": "1.0",
                "version": "v1",
                "class": "FiducialPoints",
                "P1x": 681.549886,
                "P1y": 305.712649,
                "P2x": 681.926923,
                "P2y": 336.518261,
                "P3x": 688.192203,
                "P3y": 368.094171,
                "P4x": 708.950323,
                "P4y": 397.572412,
                "P5x": 728.511328,
                "P5y": 426.253041,
                "P6x": 746.95597,
                "P6y": 451.930389,
                "P7x": 762.61219,
                "P7y": 479.032953,
                "P8x": 781.643559,
                "P8y": 499.683195,
                "P9x": 812.230657,
                "P9y": 504.009073,
                "P10x": 849.819172,
                "P10y": 492.282602,
                "P11x": 881.460443,
                "P11y": 469.287109,
                "P12x": 907.817258,
                "P12y": 444.720084,
                "P13x": 932.125948,
                "P13y": 413.753617,
                "P14x": 949.686294,
                "P14y": 372.66444,
                "P15x": 954.969589,
                "P15y": 324.675316,
                "P16x": 952.070435,
                "P16y": 264.534542,
                "P17x": 947.989421,
                "P17y": 210.433729,
                "P18x": 671.168011,
                "P18y": 281.641577,
                "P19x": 668.743191,
                "P19y": 259.76746,
                "P20x": 683.062203,
                "P20y": 249.202177,
                "P21x": 705.99532,
                "P21y": 249.786032,
                "P22x": 723.409809,
                "P22y": 261.240939,
                "P23x": 761.415338,
                "P23y": 247.707611,
                "P24x": 783.285761,
                "P24y": 224.369073,
                "P25x": 813.351228,
                "P25y": 213.469733,
                "P26x": 847.314559,
                "P26y": 216.348116,
                "P27x": 871.329725,
                "P27y": 232.576842,
                "P28x": 752.876904,
                "P28y": 280.267005,
                "P29x": 755.55757,
                "P29y": 306.238081,
                "P30x": 755.570247,
                "P30y": 331.011219,
                "P31x": 756.248486,
                "P31y": 356.504421,
                "P32x": 741.661508,
                "P32y": 379.722657,
                "P33x": 753.660594,
                "P33y": 378.202314,
                "P34x": 767.298511,
                "P34y": 378.93103,
                "P35x": 784.296828,
                "P35y": 373.797431,
                "P36x": 798.015319,
                "P36y": 369.341507,
                "P37x": 686.710573,
                "P37y": 299.147353,
                "P38x": 694.688838,
                "P38y": 286.916471,
                "P39x": 712.100732,
                "P39y": 286.644357,
                "P40x": 726.588438,
                "P40y": 296.723813,
                "P41x": 714.122439,
                "P41y": 300.20694,
                "P42x": 697.485896,
                "P42y": 303.318671,
                "P43x": 795.997315,
                "P43y": 280.661276,
                "P44x": 805.558147,
                "P44y": 259.859655,
                "P45x": 822.893114,
                "P45y": 254.080336,
                "P46x": 842.937246,
                "P46y": 264.279417,
                "P47x": 828.730946,
                "P47y": 274.148768,
                "P48x": 811.835499,
                "P48y": 278.614817,
                "P49x": 740.444437,
                "P49y": 415.955722,
                "P50x": 749.027118,
                "P50y": 408.946079,
                "P51x": 760.109643,
                "P51y": 405.567497,
                "P52x": 773.20968,
                "P52y": 407.042829,
                "P53x": 789.176682,
                "P53y": 401.657834,
                "P54x": 818.700498,
                "P54y": 399.283454,
                "P55x": 844.296514,
                "P55y": 401.358893,
                "P56x": 824.790132,
                "P56y": 430.354486,
                "P57x": 797.818008,
                "P57y": 444.701428,
                "P58x": 781.307013,
                "P58y": 446.883307,
                "P59x": 766.709471,
                "P59y": 446.666554,
                "P60x": 751.984537,
                "P60y": 437.739324,
                "P61x": 746.911634,
                "P61y": 417.101894,
                "P62x": 762.116073,
                "P62y": 417.296612,
                "P63x": 775.113077,
                "P63y": 416.743777,
                "P64x": 791.215603,
                "P64y": 413.799595,
                "P65x": 839.140653,
                "P65y": 402.921538,
                "P66x": 792.98315,
                "P66y": 426.990308,
                "P67x": 777.680636,
                "P67y": 427.786204,
                "P68x": 764.253359,
                "P68y": 427.674553,
                "P69x": 681.549886,
                "P69y": 305.712649,
                "P69occluded": true,
                "P70x": 681.549886,
                "P70y": 305.712649,
                "P70occluded": true,
                "P71x": 681.549886,
                "P71y": 305.712649,
                "P71occluded": true,
                "P72x": 681.549886,
                "P72y": 305.712649,
                "P72occluded": true,
                "P73x": 681.549886,
                "P73y": 305.712649,
                "P73occluded": true,
                "P74x": 681.549886,
                "P74y": 305.712649,
                "P74occluded": true,
                "P75x": 681.549886,
                "P75y": 305.712649,
                "P75occluded": true,
                "P76x": 681.549886,
                "P76y": 305.712649,
                "P76occluded": true,
                "P77x": 681.549886,
                "P77y": 305.712649,
                "P77occluded": true,
                "P78x": 681.549886,
                "P78y": 305.712649,
                "P78occluded": true,
                "P79x": 681.549886,
                "P79y": 305.712649,
                "P79occluded": true,
                "P80x": 681.549886,
                "P80y": 305.712649,
                "P80occluded": true
            }
        ]
    },
    {
        "filename": "/workspace/tao-experiments/fpenet/afw/5204730083_7.png",
        "class": "image",
        "annotations": [
            {
                "face_tight_bboxx": 725.10368330073106,
                "face_tight_bboxy": 1010.97163120567382,
                "tool-version": "1.0",
                "face_tight_bboxwidth": 192.35730960707053,
                "face_tight_bboxheight": 145.25550579091134,
                "Occlusionx": 0.0,
                "class": "FaceBbox"
            },
            {
                "tool-version": "1.0",
                "version": "v1",
                "class": "FiducialPoints",
                "P1x": 744.44911,
                "P1y": 1054.309242,
                "P2x": 747.862845,
                "P2y": 1076.481595,
                "P3x": 753.105455,
                "P3y": 1094.681876,
                "P4x": 761.344252,
                "P4y": 1111.989931,
                "P5x": 771.954451,
                "P5y": 1127.177254,
                "P6x": 790.027192,
                "P6y": 1137.73591,
                "P7x": 812.47049,
                "P7y": 1146.767878,
                "P8x": 836.328796,
                "P8y": 1151.625186,
                "P9x": 855.117645,
                "P9y": 1149.612513,
                "P10x": 875.688534,
                "P10y": 1143.307783,
                "P11x": 891.219534,
                "P11y": 1126.935236,
                "P12x": 899.2226,
                "P12y": 1111.973221,
                "P13x": 906.667725,
                "P13y": 1096.327957,
                "P14x": 908.716413,
                "P14y": 1078.55865,
                "P15x": 908.083787,
                "P15y": 1065.545478,
                "P16x": 908.11789,
                "P16y": 1047.298431,
                "P17x": 904.624674,
                "P17y": 1030.696341,
                "P18x": 770.746606,
                "P18y": 1036.865648,
                "P19x": 780.336191,
                "P19y": 1021.70646,
                "P20x": 800.496515,
                "P20y": 1015.679504,
                "P21x": 819.426411,
                "P21y": 1016.988957,
                "P22x": 836.91178,
                "P22y": 1021.378784,
                "P23x": 843.289056,
                "P23y": 1020.194549,
                "P24x": 855.246191,
                "P24y": 1009.396142,
                "P25x": 871.992252,
                "P25y": 1004.752794,
                "P26x": 889.086986,
                "P26y": 1007.324966,
                "P27x": 898.906018,
                "P27y": 1019.178778,
                "P28x": 843.420759,
                "P28y": 1032.068851,
                "P29x": 846.006851,
                "P29y": 1043.280224,
                "P30x": 849.018222,
                "P30y": 1052.943372,
                "P31x": 852.032987,
                "P31y": 1063.754714,
                "P32x": 834.581726,
                "P32y": 1078.447074,
                "P33x": 843.075143,
                "P33y": 1079.199414,
                "P34x": 851.824309,
                "P34y": 1079.342628,
                "P35x": 858.049783,
                "P35y": 1076.845234,
                "P36x": 863.793285,
                "P36y": 1074.435554,
                "P37x": 787.327596,
                "P37y": 1041.39034,
                "P38x": 796.832662,
                "P38y": 1034.765309,
                "P39x": 806.251438,
                "P39y": 1035.417837,
                "P40x": 815.424244,
                "P40y": 1039.325861,
                "P41x": 806.579091,
                "P41y": 1042.245363,
                "P42x": 797.158565,
                "P42y": 1042.51114,
                "P43x": 858.056058,
                "P43y": 1035.177381,
                "P44x": 867.169404,
                "P44y": 1028.603246,
                "P45x": 877.446421,
                "P45y": 1027.934681,
                "P46x": 884.622571,
                "P46y": 1030.735944,
                "P47x": 878.759399,
                "P47y": 1034.869667,
                "P48x": 868.539035,
                "P48y": 1036.110789,
                "P49x": 822.432833,
                "P49y": 1105.97498,
                "P50x": 834.638356,
                "P50y": 1096.24061,
                "P51x": 844.8241,
                "P51y": 1092.545693,
                "P52x": 850.91274,
                "P52y": 1092.60176,
                "P53x": 857.22528,
                "P53y": 1090.824882,
                "P54x": 867.697652,
                "P54y": 1091.257517,
                "P55x": 878.832655,
                "P55y": 1096.759356,
                "P56x": 871.183306,
                "P56y": 1103.859886,
                "P57x": 861.513842,
                "P57y": 1109.373803,
                "P58x": 854.823484,
                "P58y": 1111.316646,
                "P59x": 847.474978,
                "P59y": 1111.655922,
                "P60x": 837.531387,
                "P60y": 1110.295344,
                "P61x": 827.737802,
                "P61y": 1103.396631,
                "P62x": 845.475918,
                "P62y": 1097.238052,
                "P63x": 851.762299,
                "P63y": 1096.515373,
                "P64x": 858.125173,
                "P64y": 1095.817956,
                "P65x": 874.183128,
                "P65y": 1097.298793,
                "P66x": 859.083173,
                "P66y": 1100.300126,
                "P67x": 852.686795,
                "P67y": 1100.558715,
                "P68x": 846.129912,
                "P68y": 1100.294681,
                "P69x": 744.44911,
                "P69y": 1054.309242,
                "P69occluded": true,
                "P70x": 744.44911,
                "P70y": 1054.309242,
                "P70occluded": true,
                "P71x": 744.44911,
                "P71y": 1054.309242,
                "P71occluded": true,
                "P72x": 744.44911,
                "P72y": 1054.309242,
                "P72occluded": true,
                "P73x": 744.44911,
                "P73y": 1054.309242,
                "P73occluded": true,
                "P74x": 744.44911,
                "P74y": 1054.309242,
                "P74occluded": true,
                "P75x": 744.44911,
                "P75y": 1054.309242,
                "P75occluded": true,
                "P76x": 744.44911,
                "P76y": 1054.309242,
                "P76occluded": true,
                "P77x": 744.44911,
                "P77y": 1054.309242,
                "P77occluded": true,
                "P78x": 744.44911,
                "P78y": 1054.309242,
                "P78occluded": true,
                "P79x": 744.44911,
                "P79y": 1054.309242,
                "P79occluded": true,
                "P80x": 744.44911,
                "P80y": 1054.309242,
                "P80occluded": true
            }
        ]
    }
]