{
    "random_seed": 108,
    "batch_size": 1,
    "output_experiments_fld": "/workspace/tao-experiments/gesturenet/",
    "save_weights_path": "model",
    "trainer": {
        "class": "ClassifyNetTrainer",
        "module": "driveix.classifynet.trainer.classifynet_trainer",
        "top_training": {
            "stage_order": 1,
            "loss_fn": "categorical_crossentropy",
            "train_epochs": 0, 
            "num_layers_unfreeze": 0,
            "optimizer": "rmsprop"
        },
        "finetuning": {
            "stage_order": 2,
            "train_epochs": 50,
            "loss_fn": "categorical_crossentropy",
            "initial_lrate": 5e-05,
            "decay_step_size": 33,
            "lr_drop_rate": 0.5,
            "enable_checkpointing": true,
            "num_layers_unfreeze": 3,
            "optimizer": "sgd"
        }, 
        "num_workers": 1
    },
    "model": {
        "image_height": 160,
        "image_width": 160,
        "gray_scale_input": false,
        "data_format": "channels_first",
        "base_model": "resnet_vanilla",
        "num_layers": 18,
        "use_batch_norm": true,
        "weights_init": "/workspace/tao-experiments/gesturenet/pretrained_models/gesturenet_vtrainable_v1.0/model.tlt",
        "add_new_head": false,
        "kernel_regularizer_type": "l2",
        "kernel_regularization_factor": 0.001
    },
    "dataset": {
        "image_root_path": "/workspace/tao-experiments/gesturenet/",
        "classes": {
            "thumbs_up": 0,
            "fist": 1,
            "stop": 2,
            "ok": 3,
            "two": 4,
            "random": 5
        },
        "data_path": "/workspace/tao-experiments/gesturenet/data.json",
        "num_classes": 6,
        "augmentation": {
            "shear_range": 0.0,
            "color_pca_aug": {
                "enable": false,
                "probability": 0.5
            },
            "gamma_aug": {
                "enable": true,
                "probability": 0.5,
                "lower_limit": 0.5,
                "upper_limit": 2.0
            },
            "rotation_range": 5,
            "brightness_range": [
                0.5,
                1.5
            ], 
            "occlusion_aug": {
                "max_aspect_ratio": 3.33,
                "max_area": 0.25,
                "enable": true,
                "probability": 0.5,
                "pixel_level": true,
                "min_area": 0.05,
                "min_pixel": 0,
                "max_pixel": 255,
                "min_aspect_ratio": 0.3
            },
            "horizontal_flip": true
        }
    },
    "evaluator": {
        "evaluation_exp_name": "results", 
        "data_path": "/workspace/tao-experiments/gesturenet/data.json"
    }
}
